{"cameraMode":{"drawMode":0,"name":"Shaded","section":"Shading Mode"},"sceneLighting":true,"audioPlay":false,"sceneViewState":{"showFog":true,"showMaterialUpdate":false,"showSkybox":true,"showFlares":true,"showImageEffects":true,"showParticleSystems":true},"in2DMode":false,"pivot":{"x":-0.3928152322769165,"y":9.801250457763672,"z":7.793418884277344},"rotation":{"x":-0.005687990691512823,"y":-0.02700110897421837,"z":-0.00015341902326326817,"w":0.99962317943573},"size":41.86811447143555,"orthographic":false}