{"cameraMode":{"drawMode":0,"name":"Shaded","section":"Shading Mode"},"sceneLighting":true,"audioPlay":false,"sceneViewState":{"showFog":true,"showMaterialUpdate":false,"showSkybox":true,"showFlares":true,"showImageEffects":true,"showParticleSystems":true},"in2DMode":false,"pivot":{"x":-7.965143203735352,"y":7.24193811416626,"z":7.964001655578613},"rotation":{"x":-0.0026889792643487455,"y":0.028491433709859849,"z":0.00007686339813517407,"w":0.9995944499969482},"size":66.3513412475586,"orthographic":false}